image,package,old_version,advisory,severity,comparison,source
image-app,perl-base,5.34.0-3ubuntu1.8,CVE-2023-31486,Medium,not_reported_after_runtime_update,https://ubuntu.com/security/CVE-2023-31486
image-app,binutils,2.38-4ubuntu2.12,CVE-2017-13716,Low,not_reported_after_runtime_update,https://ubuntu.com/security/CVE-2017-13716
image-app,binutils-common,2.38-4ubuntu2.12,CVE-2017-13716,Low,not_reported_after_runtime_update,https://ubuntu.com/security/CVE-2017-13716
image-app,binutils-x86-64-linux-gnu,2.38-4ubuntu2.12,CVE-2017-13716,Low,not_reported_after_runtime_update,https://ubuntu.com/security/CVE-2017-13716
image-app,libbinutils,2.38-4ubuntu2.12,CVE-2017-13716,Low,not_reported_after_runtime_update,https://ubuntu.com/security/CVE-2017-13716
image-app,libctf-nobfd0,2.38-4ubuntu2.12,CVE-2017-13716,Low,not_reported_after_runtime_update,https://ubuntu.com/security/CVE-2017-13716
image-app,libctf0,2.38-4ubuntu2.12,CVE-2017-13716,Low,not_reported_after_runtime_update,https://ubuntu.com/security/CVE-2017-13716
image-app,libexpat1,2.4.7-1ubuntu0.7,CVE-2025-59375,Medium,not_reported_after_runtime_update,https://ubuntu.com/security/CVE-2025-59375
image-app,curl,7.81.0-1ubuntu1.27,CVE-2026-19931,Medium,not_reported_after_runtime_update,https://ubuntu.com/security/CVE-2026-19931
image-app,libcurl4,7.81.0-1ubuntu1.27,CVE-2026-19931,Medium,not_reported_after_runtime_update,https://ubuntu.com/security/CVE-2026-19931
image-app,wget,1.21.2-2ubuntu1.5,CVE-2021-31879,Medium,not_reported_after_runtime_update,https://ubuntu.com/security/CVE-2021-31879
image-app,libzstd1,1.4.8+dfsg-3build1,CVE-2022-4899,Low,not_reported_after_runtime_update,https://ubuntu.com/security/CVE-2022-4899
image-app,curl,7.81.0-1ubuntu1.27,CVE-2026-18924,Medium,not_reported_after_runtime_update,https://ubuntu.com/security/CVE-2026-18924
image-app,libcurl4,7.81.0-1ubuntu1.27,CVE-2026-18924,Medium,not_reported_after_runtime_update,https://ubuntu.com/security/CVE-2026-18924
image-app,libpcre2-8-0,10.39-3ubuntu0.1,CVE-2022-41409,Low,not_reported_after_runtime_update,https://ubuntu.com/security/CVE-2022-41409
image-app,binutils,2.38-4ubuntu2.12,CVE-2019-1010204,Low,not_reported_after_runtime_update,https://ubuntu.com/security/CVE-2019-1010204
image-app,binutils-common,2.38-4ubuntu2.12,CVE-2019-1010204,Low,not_reported_after_runtime_update,https://ubuntu.com/security/CVE-2019-1010204
image-app,binutils-x86-64-linux-gnu,2.38-4ubuntu2.12,CVE-2019-1010204,Low,not_reported_after_runtime_update,https://ubuntu.com/security/CVE-2019-1010204
image-app,libbinutils,2.38-4ubuntu2.12,CVE-2019-1010204,Low,not_reported_after_runtime_update,https://ubuntu.com/security/CVE-2019-1010204
image-app,libctf-nobfd0,2.38-4ubuntu2.12,CVE-2019-1010204,Low,not_reported_after_runtime_update,https://ubuntu.com/security/CVE-2019-1010204
image-app,libctf0,2.38-4ubuntu2.12,CVE-2019-1010204,Low,not_reported_after_runtime_update,https://ubuntu.com/security/CVE-2019-1010204
image-app,wget,1.21.2-2ubuntu1.5,CVE-2024-10524,Low,not_reported_after_runtime_update,https://ubuntu.com/security/CVE-2024-10524
image-app,libexpat1,2.4.7-1ubuntu0.7,CVE-2026-66046,Medium,not_reported_after_runtime_update,https://ubuntu.com/security/CVE-2026-66046
image-app,libncurses6,6.3-2ubuntu0.3,CVE-2023-50495,Low,not_reported_after_runtime_update,https://ubuntu.com/security/CVE-2023-50495
image-app,libncursesw6,6.3-2ubuntu0.3,CVE-2023-50495,Low,not_reported_after_runtime_update,https://ubuntu.com/security/CVE-2023-50495
image-app,libtinfo6,6.3-2ubuntu0.3,CVE-2023-50495,Low,not_reported_after_runtime_update,https://ubuntu.com/security/CVE-2023-50495
image-app,ncurses-base,6.3-2ubuntu0.3,CVE-2023-50495,Low,not_reported_after_runtime_update,https://ubuntu.com/security/CVE-2023-50495
image-app,ncurses-bin,6.3-2ubuntu0.3,CVE-2023-50495,Low,not_reported_after_runtime_update,https://ubuntu.com/security/CVE-2023-50495
image-app,binutils,2.38-4ubuntu2.12,CVE-2025-1149,Medium,not_reported_after_runtime_update,https://ubuntu.com/security/CVE-2025-1149
image-app,binutils-common,2.38-4ubuntu2.12,CVE-2025-1149,Medium,not_reported_after_runtime_update,https://ubuntu.com/security/CVE-2025-1149
image-app,binutils-x86-64-linux-gnu,2.38-4ubuntu2.12,CVE-2025-1149,Medium,not_reported_after_runtime_update,https://ubuntu.com/security/CVE-2025-1149
image-app,libbinutils,2.38-4ubuntu2.12,CVE-2025-1149,Medium,not_reported_after_runtime_update,https://ubuntu.com/security/CVE-2025-1149
image-app,libctf-nobfd0,2.38-4ubuntu2.12,CVE-2025-1149,Medium,not_reported_after_runtime_update,https://ubuntu.com/security/CVE-2025-1149
image-app,libctf0,2.38-4ubuntu2.12,CVE-2025-1149,Medium,not_reported_after_runtime_update,https://ubuntu.com/security/CVE-2025-1149
image-app,curl,7.81.0-1ubuntu1.27,CVE-2026-80230,Medium,not_reported_after_runtime_update,https://ubuntu.com/security/CVE-2026-80230
image-app,libcurl4,7.81.0-1ubuntu1.27,CVE-2026-80230,Medium,not_reported_after_runtime_update,https://ubuntu.com/security/CVE-2026-80230
image-app,binutils,2.38-4ubuntu2.12,CVE-2022-27943,Low,not_reported_after_runtime_update,https://ubuntu.com/security/CVE-2022-27943
image-app,binutils-common,2.38-4ubuntu2.12,CVE-2022-27943,Low,not_reported_after_runtime_update,https://ubuntu.com/security/CVE-2022-27943
image-app,binutils-x86-64-linux-gnu,2.38-4ubuntu2.12,CVE-2022-27943,Low,not_reported_after_runtime_update,https://ubuntu.com/security/CVE-2022-27943
image-app,gcc-12-base,12.3.0-1ubuntu1~22.04.3,CVE-2022-27943,Low,not_reported_after_runtime_update,https://ubuntu.com/security/CVE-2022-27943
image-app,libbinutils,2.38-4ubuntu2.12,CVE-2022-27943,Low,not_reported_after_runtime_update,https://ubuntu.com/security/CVE-2022-27943
image-app,libctf-nobfd0,2.38-4ubuntu2.12,CVE-2022-27943,Low,not_reported_after_runtime_update,https://ubuntu.com/security/CVE-2022-27943
image-app,libctf0,2.38-4ubuntu2.12,CVE-2022-27943,Low,not_reported_after_runtime_update,https://ubuntu.com/security/CVE-2022-27943
image-app,libgcc-s1,12.3.0-1ubuntu1~22.04.3,CVE-2022-27943,Low,not_reported_after_runtime_update,https://ubuntu.com/security/CVE-2022-27943
image-app,libstdc++6,12.3.0-1ubuntu1~22.04.3,CVE-2022-27943,Low,not_reported_after_runtime_update,https://ubuntu.com/security/CVE-2022-27943
image-app,curl,7.81.0-1ubuntu1.27,CVE-2026-82209,Medium,not_reported_after_runtime_update,https://ubuntu.com/security/CVE-2026-82209
image-app,libcurl4,7.81.0-1ubuntu1.27,CVE-2026-82209,Medium,not_reported_after_runtime_update,https://ubuntu.com/security/CVE-2026-82209
image-app,libexpat1,2.4.7-1ubuntu0.7,CVE-2026-45186,Medium,not_reported_after_runtime_update,https://ubuntu.com/security/CVE-2026-45186
image-app,perl-base,5.34.0-3ubuntu1.8,CVE-2026-9538,Medium,not_reported_after_runtime_update,https://ubuntu.com/security/CVE-2026-9538
image-app,zlib1g,1:1.2.11.dfsg-2ubuntu9.2,CVE-2026-85091,Medium,not_reported_after_runtime_update,https://ubuntu.com/security/CVE-2026-85091
image-app,perl-base,5.34.0-3ubuntu1.8,CVE-2026-19487,Medium,not_reported_after_runtime_update,https://ubuntu.com/security/CVE-2026-19487
image-app,perl-base,5.34.0-3ubuntu1.8,CVE-2026-42497,Medium,not_reported_after_runtime_update,https://ubuntu.com/security/CVE-2026-42497
image-app,libc-bin,2.35-0ubuntu3.14,CVE-2026-77117,Medium,not_reported_after_runtime_update,https://ubuntu.com/security/CVE-2026-77117
image-app,libc6,2.35-0ubuntu3.14,CVE-2026-77117,Medium,not_reported_after_runtime_update,https://ubuntu.com/security/CVE-2026-77117
image-app,libc-bin,2.35-0ubuntu3.14,CVE-2026-80489,Medium,not_reported_after_runtime_update,https://ubuntu.com/security/CVE-2026-80489
image-app,libc6,2.35-0ubuntu3.14,CVE-2026-80489,Medium,not_reported_after_runtime_update,https://ubuntu.com/security/CVE-2026-80489
image-app,libexpat1,2.4.7-1ubuntu0.7,CVE-2026-41080,Medium,not_reported_after_runtime_update,https://ubuntu.com/security/CVE-2026-41080
image-app,wget,1.21.2-2ubuntu1.5,CVE-2026-16599,Medium,not_reported_after_runtime_update,https://ubuntu.com/security/CVE-2026-16599
image-app,perl-base,5.34.0-3ubuntu1.8,CVE-2026-48959,Medium,not_reported_after_runtime_update,https://ubuntu.com/security/CVE-2026-48959
image-app,libpcre2-8-0,10.39-3ubuntu0.1,CVE-2026-86145,Medium,not_reported_after_runtime_update,https://ubuntu.com/security/CVE-2026-86145
image-app,binutils,2.38-4ubuntu2.12,CVE-2025-1152,Low,not_reported_after_runtime_update,https://ubuntu.com/security/CVE-2025-1152
image-app,binutils-common,2.38-4ubuntu2.12,CVE-2025-1152,Low,not_reported_after_runtime_update,https://ubuntu.com/security/CVE-2025-1152
image-app,binutils-x86-64-linux-gnu,2.38-4ubuntu2.12,CVE-2025-1152,Low,not_reported_after_runtime_update,https://ubuntu.com/security/CVE-2025-1152
image-app,libbinutils,2.38-4ubuntu2.12,CVE-2025-1152,Low,not_reported_after_runtime_update,https://ubuntu.com/security/CVE-2025-1152
image-app,libctf-nobfd0,2.38-4ubuntu2.12,CVE-2025-1152,Low,not_reported_after_runtime_update,https://ubuntu.com/security/CVE-2025-1152
image-app,libctf0,2.38-4ubuntu2.12,CVE-2025-1152,Low,not_reported_after_runtime_update,https://ubuntu.com/security/CVE-2025-1152
image-app,binutils,2.38-4ubuntu2.12,CVE-2025-1150,Low,not_reported_after_runtime_update,https://ubuntu.com/security/CVE-2025-1150
image-app,binutils-common,2.38-4ubuntu2.12,CVE-2025-1150,Low,not_reported_after_runtime_update,https://ubuntu.com/security/CVE-2025-1150
image-app,binutils-x86-64-linux-gnu,2.38-4ubuntu2.12,CVE-2025-1150,Low,not_reported_after_runtime_update,https://ubuntu.com/security/CVE-2025-1150
image-app,libbinutils,2.38-4ubuntu2.12,CVE-2025-1150,Low,not_reported_after_runtime_update,https://ubuntu.com/security/CVE-2025-1150
image-app,libctf-nobfd0,2.38-4ubuntu2.12,CVE-2025-1150,Low,not_reported_after_runtime_update,https://ubuntu.com/security/CVE-2025-1150
image-app,libctf0,2.38-4ubuntu2.12,CVE-2025-1150,Low,not_reported_after_runtime_update,https://ubuntu.com/security/CVE-2025-1150
image-app,binutils,2.38-4ubuntu2.12,CVE-2025-1151,Low,not_reported_after_runtime_update,https://ubuntu.com/security/CVE-2025-1151
image-app,binutils-common,2.38-4ubuntu2.12,CVE-2025-1151,Low,not_reported_after_runtime_update,https://ubuntu.com/security/CVE-2025-1151
image-app,binutils-x86-64-linux-gnu,2.38-4ubuntu2.12,CVE-2025-1151,Low,not_reported_after_runtime_update,https://ubuntu.com/security/CVE-2025-1151
image-app,libbinutils,2.38-4ubuntu2.12,CVE-2025-1151,Low,not_reported_after_runtime_update,https://ubuntu.com/security/CVE-2025-1151
image-app,libctf-nobfd0,2.38-4ubuntu2.12,CVE-2025-1151,Low,not_reported_after_runtime_update,https://ubuntu.com/security/CVE-2025-1151
image-app,libctf0,2.38-4ubuntu2.12,CVE-2025-1151,Low,not_reported_after_runtime_update,https://ubuntu.com/security/CVE-2025-1151
image-app,libexpat1,2.4.7-1ubuntu0.7,CVE-2026-76641,Medium,not_reported_after_runtime_update,https://ubuntu.com/security/CVE-2026-76641
image-app,libc-bin,2.35-0ubuntu3.14,CVE-2026-8674,Medium,not_reported_after_runtime_update,https://ubuntu.com/security/CVE-2026-8674
image-app,libc6,2.35-0ubuntu3.14,CVE-2026-8674,Medium,not_reported_after_runtime_update,https://ubuntu.com/security/CVE-2026-8674
image-app,locales,2.35-0ubuntu3.15,CVE-2026-8674,Medium,not_reported_after_runtime_update,https://ubuntu.com/security/CVE-2026-8674
image-app,perl-base,5.34.0-3ubuntu1.8,CVE-2026-48962,Medium,not_reported_after_runtime_update,https://ubuntu.com/security/CVE-2026-48962
image-app,libpcre3,2:8.39-13ubuntu0.22.04.1,CVE-2017-11164,Negligible,not_reported_after_runtime_update,https://ubuntu.com/security/CVE-2017-11164
image-app,libc-bin,2.35-0ubuntu3.14,CVE-2026-19542,Medium,not_reported_after_runtime_update,https://ubuntu.com/security/CVE-2026-19542
image-app,libc6,2.35-0ubuntu3.14,CVE-2026-19542,Medium,not_reported_after_runtime_update,https://ubuntu.com/security/CVE-2026-19542
image-app,libpam-modules,1.4.0-11ubuntu2.8,CVE-2024-10041,Medium,not_reported_after_runtime_update,https://ubuntu.com/security/CVE-2024-10041
image-app,libpam-modules-bin,1.4.0-11ubuntu2.8,CVE-2024-10041,Medium,not_reported_after_runtime_update,https://ubuntu.com/security/CVE-2024-10041
image-app,libpam-runtime,1.4.0-11ubuntu2.8,CVE-2024-10041,Medium,not_reported_after_runtime_update,https://ubuntu.com/security/CVE-2024-10041
image-app,libpam0g,1.4.0-11ubuntu2.8,CVE-2024-10041,Medium,not_reported_after_runtime_update,https://ubuntu.com/security/CVE-2024-10041
image-app,coreutils,8.32-4.1ubuntu1.4,CVE-2016-2781,Low,not_reported_after_runtime_update,https://ubuntu.com/security/CVE-2016-2781
image-app,perl-base,5.34.0-3ubuntu1.8,CVE-2026-48961,Medium,not_reported_after_runtime_update,https://ubuntu.com/security/CVE-2026-48961
image-app,login,1:4.8.1-2ubuntu2.2,CVE-2023-29383,Low,not_reported_after_runtime_update,https://ubuntu.com/security/CVE-2023-29383
image-app,passwd,1:4.8.1-2ubuntu2.2,CVE-2023-29383,Low,not_reported_after_runtime_update,https://ubuntu.com/security/CVE-2023-29383
image-app,binutils,2.38-4ubuntu2.12,CVE-2026-3442,Medium,not_reported_after_runtime_update,https://ubuntu.com/security/CVE-2026-3442
image-app,binutils-common,2.38-4ubuntu2.12,CVE-2026-3442,Medium,not_reported_after_runtime_update,https://ubuntu.com/security/CVE-2026-3442
image-app,binutils-x86-64-linux-gnu,2.38-4ubuntu2.12,CVE-2026-3442,Medium,not_reported_after_runtime_update,https://ubuntu.com/security/CVE-2026-3442
image-app,libbinutils,2.38-4ubuntu2.12,CVE-2026-3442,Medium,not_reported_after_runtime_update,https://ubuntu.com/security/CVE-2026-3442
image-app,libctf-nobfd0,2.38-4ubuntu2.12,CVE-2026-3442,Medium,not_reported_after_runtime_update,https://ubuntu.com/security/CVE-2026-3442
image-app,libctf0,2.38-4ubuntu2.12,CVE-2026-3442,Medium,not_reported_after_runtime_update,https://ubuntu.com/security/CVE-2026-3442
image-app,login,1:4.8.1-2ubuntu2.2,CVE-2024-56433,Low,not_reported_after_runtime_update,https://ubuntu.com/security/CVE-2024-56433
image-app,passwd,1:4.8.1-2ubuntu2.2,CVE-2024-56433,Low,not_reported_after_runtime_update,https://ubuntu.com/security/CVE-2024-56433
image-app,perl-base,5.34.0-3ubuntu1.8,CVE-2026-7017,Medium,not_reported_after_runtime_update,https://ubuntu.com/security/CVE-2026-7017
image-app,libc-bin,2.35-0ubuntu3.14,CVE-2026-89092,Medium,not_reported_after_runtime_update,https://ubuntu.com/security/CVE-2026-89092
image-app,libc6,2.35-0ubuntu3.14,CVE-2026-89092,Medium,not_reported_after_runtime_update,https://ubuntu.com/security/CVE-2026-89092
image-app,locales,2.35-0ubuntu3.15,CVE-2026-89092,Medium,not_reported_after_runtime_update,https://ubuntu.com/security/CVE-2026-89092
image-app,binutils,2.38-4ubuntu2.12,CVE-2025-69651,Medium,not_reported_after_runtime_update,https://ubuntu.com/security/CVE-2025-69651
image-app,binutils-common,2.38-4ubuntu2.12,CVE-2025-69651,Medium,not_reported_after_runtime_update,https://ubuntu.com/security/CVE-2025-69651
image-app,binutils-x86-64-linux-gnu,2.38-4ubuntu2.12,CVE-2025-69651,Medium,not_reported_after_runtime_update,https://ubuntu.com/security/CVE-2025-69651
image-app,libbinutils,2.38-4ubuntu2.12,CVE-2025-69651,Medium,not_reported_after_runtime_update,https://ubuntu.com/security/CVE-2025-69651
image-app,libctf-nobfd0,2.38-4ubuntu2.12,CVE-2025-69651,Medium,not_reported_after_runtime_update,https://ubuntu.com/security/CVE-2025-69651
image-app,libctf0,2.38-4ubuntu2.12,CVE-2025-69651,Medium,not_reported_after_runtime_update,https://ubuntu.com/security/CVE-2025-69651
image-app,binutils,2.38-4ubuntu2.12,CVE-2025-11495,Medium,not_reported_after_runtime_update,https://ubuntu.com/security/CVE-2025-11495
image-app,binutils-common,2.38-4ubuntu2.12,CVE-2025-11495,Medium,not_reported_after_runtime_update,https://ubuntu.com/security/CVE-2025-11495
image-app,binutils-x86-64-linux-gnu,2.38-4ubuntu2.12,CVE-2025-11495,Medium,not_reported_after_runtime_update,https://ubuntu.com/security/CVE-2025-11495
image-app,libbinutils,2.38-4ubuntu2.12,CVE-2025-11495,Medium,not_reported_after_runtime_update,https://ubuntu.com/security/CVE-2025-11495
image-app,libctf-nobfd0,2.38-4ubuntu2.12,CVE-2025-11495,Medium,not_reported_after_runtime_update,https://ubuntu.com/security/CVE-2025-11495
image-app,libctf0,2.38-4ubuntu2.12,CVE-2025-11495,Medium,not_reported_after_runtime_update,https://ubuntu.com/security/CVE-2025-11495
image-app,libpcre2-8-0,10.39-3ubuntu0.1,CVE-2026-89156,Medium,not_reported_after_runtime_update,https://ubuntu.com/security/CVE-2026-89156
image-app,libc-bin,2.35-0ubuntu3.14,CVE-2016-20013,Negligible,not_reported_after_runtime_update,https://ubuntu.com/security/CVE-2016-20013
image-app,libc6,2.35-0ubuntu3.14,CVE-2016-20013,Negligible,not_reported_after_runtime_update,https://ubuntu.com/security/CVE-2016-20013
image-app,locales,2.35-0ubuntu3.15,CVE-2016-20013,Negligible,not_reported_after_runtime_update,https://ubuntu.com/security/CVE-2016-20013
image-app,libpcre2-8-0,10.39-3ubuntu0.1,CVE-2026-89158,Medium,not_reported_after_runtime_update,https://ubuntu.com/security/CVE-2026-89158
image-app,binutils,2.38-4ubuntu2.12,CVE-2025-66863,Low,not_reported_after_runtime_update,https://ubuntu.com/security/CVE-2025-66863
image-app,binutils-common,2.38-4ubuntu2.12,CVE-2025-66863,Low,not_reported_after_runtime_update,https://ubuntu.com/security/CVE-2025-66863
image-app,binutils-x86-64-linux-gnu,2.38-4ubuntu2.12,CVE-2025-66863,Low,not_reported_after_runtime_update,https://ubuntu.com/security/CVE-2025-66863
image-app,libbinutils,2.38-4ubuntu2.12,CVE-2025-66863,Low,not_reported_after_runtime_update,https://ubuntu.com/security/CVE-2025-66863
image-app,libctf-nobfd0,2.38-4ubuntu2.12,CVE-2025-66863,Low,not_reported_after_runtime_update,https://ubuntu.com/security/CVE-2025-66863
image-app,libctf0,2.38-4ubuntu2.12,CVE-2025-66863,Low,not_reported_after_runtime_update,https://ubuntu.com/security/CVE-2025-66863
image-app,binutils,2.38-4ubuntu2.12,CVE-2025-66865,Low,not_reported_after_runtime_update,https://ubuntu.com/security/CVE-2025-66865
image-app,binutils-common,2.38-4ubuntu2.12,CVE-2025-66865,Low,not_reported_after_runtime_update,https://ubuntu.com/security/CVE-2025-66865
image-app,binutils-x86-64-linux-gnu,2.38-4ubuntu2.12,CVE-2025-66865,Low,not_reported_after_runtime_update,https://ubuntu.com/security/CVE-2025-66865
image-app,libbinutils,2.38-4ubuntu2.12,CVE-2025-66865,Low,not_reported_after_runtime_update,https://ubuntu.com/security/CVE-2025-66865
image-app,libctf-nobfd0,2.38-4ubuntu2.12,CVE-2025-66865,Low,not_reported_after_runtime_update,https://ubuntu.com/security/CVE-2025-66865
image-app,libctf0,2.38-4ubuntu2.12,CVE-2025-66865,Low,not_reported_after_runtime_update,https://ubuntu.com/security/CVE-2025-66865
image-app,binutils,2.38-4ubuntu2.12,CVE-2025-66862,Low,not_reported_after_runtime_update,https://ubuntu.com/security/CVE-2025-66862
image-app,binutils-common,2.38-4ubuntu2.12,CVE-2025-66862,Low,not_reported_after_runtime_update,https://ubuntu.com/security/CVE-2025-66862
image-app,binutils-x86-64-linux-gnu,2.38-4ubuntu2.12,CVE-2025-66862,Low,not_reported_after_runtime_update,https://ubuntu.com/security/CVE-2025-66862
image-app,libbinutils,2.38-4ubuntu2.12,CVE-2025-66862,Low,not_reported_after_runtime_update,https://ubuntu.com/security/CVE-2025-66862
image-app,libctf-nobfd0,2.38-4ubuntu2.12,CVE-2025-66862,Low,not_reported_after_runtime_update,https://ubuntu.com/security/CVE-2025-66862
image-app,libctf0,2.38-4ubuntu2.12,CVE-2025-66862,Low,not_reported_after_runtime_update,https://ubuntu.com/security/CVE-2025-66862
image-app,libexpat1,2.4.7-1ubuntu0.7,CVE-2026-32777,Medium,not_reported_after_runtime_update,https://ubuntu.com/security/CVE-2026-32777
image-app,libpcre2-8-0,10.39-3ubuntu0.1,CVE-2026-89157,Medium,not_reported_after_runtime_update,https://ubuntu.com/security/CVE-2026-89157
image-app,libpcre2-8-0,10.39-3ubuntu0.1,CVE-2026-89160,Medium,not_reported_after_runtime_update,https://ubuntu.com/security/CVE-2026-89160
image-app,libsqlite3-0,3.37.2-2ubuntu0.7,CVE-2026-39113,Medium,not_reported_after_runtime_update,https://ubuntu.com/security/CVE-2026-39113
image-app,libc-bin,2.35-0ubuntu3.14,CVE-2026-6791,Medium,not_reported_after_runtime_update,https://ubuntu.com/security/CVE-2026-6791
image-app,libc6,2.35-0ubuntu3.14,CVE-2026-6791,Medium,not_reported_after_runtime_update,https://ubuntu.com/security/CVE-2026-6791
image-app,libexpat1,2.4.7-1ubuntu0.7,CVE-2026-56404,Medium,not_reported_after_runtime_update,https://ubuntu.com/security/CVE-2026-56404
image-app,libexpat1,2.4.7-1ubuntu0.7,CVE-2026-56410,Medium,not_reported_after_runtime_update,https://ubuntu.com/security/CVE-2026-56410
image-app,libexpat1,2.4.7-1ubuntu0.7,CVE-2026-56411,Medium,not_reported_after_runtime_update,https://ubuntu.com/security/CVE-2026-56411
image-app,libexpat1,2.4.7-1ubuntu0.7,CVE-2025-66382,Medium,not_reported_after_runtime_update,https://ubuntu.com/security/CVE-2025-66382
image-app,libgssapi-krb5-2,1.19.2-2ubuntu0.8,CVE-2018-5709,Negligible,not_reported_after_runtime_update,https://ubuntu.com/security/CVE-2018-5709
image-app,libk5crypto3,1.19.2-2ubuntu0.8,CVE-2018-5709,Negligible,not_reported_after_runtime_update,https://ubuntu.com/security/CVE-2018-5709
image-app,libkrb5-3,1.19.2-2ubuntu0.8,CVE-2018-5709,Negligible,not_reported_after_runtime_update,https://ubuntu.com/security/CVE-2018-5709
image-app,libkrb5support0,1.19.2-2ubuntu0.8,CVE-2018-5709,Negligible,not_reported_after_runtime_update,https://ubuntu.com/security/CVE-2018-5709
image-app,libexpat1,2.4.7-1ubuntu0.7,CVE-2026-72522,Medium,not_reported_after_runtime_update,https://ubuntu.com/security/CVE-2026-72522
image-app,binutils,2.38-4ubuntu2.12,CVE-2025-66866,Low,not_reported_after_runtime_update,https://ubuntu.com/security/CVE-2025-66866
image-app,binutils-common,2.38-4ubuntu2.12,CVE-2025-66866,Low,not_reported_after_runtime_update,https://ubuntu.com/security/CVE-2025-66866
image-app,binutils-x86-64-linux-gnu,2.38-4ubuntu2.12,CVE-2025-66866,Low,not_reported_after_runtime_update,https://ubuntu.com/security/CVE-2025-66866
image-app,libbinutils,2.38-4ubuntu2.12,CVE-2025-66866,Low,not_reported_after_runtime_update,https://ubuntu.com/security/CVE-2025-66866
image-app,libctf-nobfd0,2.38-4ubuntu2.12,CVE-2025-66866,Low,not_reported_after_runtime_update,https://ubuntu.com/security/CVE-2025-66866
image-app,libctf0,2.38-4ubuntu2.12,CVE-2025-66866,Low,not_reported_after_runtime_update,https://ubuntu.com/security/CVE-2025-66866
image-app,binutils,2.38-4ubuntu2.12,CVE-2026-3441,Medium,not_reported_after_runtime_update,https://ubuntu.com/security/CVE-2026-3441
image-app,binutils-common,2.38-4ubuntu2.12,CVE-2026-3441,Medium,not_reported_after_runtime_update,https://ubuntu.com/security/CVE-2026-3441
image-app,binutils-x86-64-linux-gnu,2.38-4ubuntu2.12,CVE-2026-3441,Medium,not_reported_after_runtime_update,https://ubuntu.com/security/CVE-2026-3441
image-app,libbinutils,2.38-4ubuntu2.12,CVE-2026-3441,Medium,not_reported_after_runtime_update,https://ubuntu.com/security/CVE-2026-3441
image-app,libctf-nobfd0,2.38-4ubuntu2.12,CVE-2026-3441,Medium,not_reported_after_runtime_update,https://ubuntu.com/security/CVE-2026-3441
image-app,libctf0,2.38-4ubuntu2.12,CVE-2026-3441,Medium,not_reported_after_runtime_update,https://ubuntu.com/security/CVE-2026-3441
image-app,libexpat1,2.4.7-1ubuntu0.7,CVE-2026-50219,Medium,not_reported_after_runtime_update,https://ubuntu.com/security/CVE-2026-50219
image-app,libexpat1,2.4.7-1ubuntu0.7,CVE-2026-56412,Medium,not_reported_after_runtime_update,https://ubuntu.com/security/CVE-2026-56412
image-app,bsdutils,1:2.37.2-4ubuntu3.6,CVE-2026-76642,Medium,not_reported_after_runtime_update,https://ubuntu.com/security/CVE-2026-76642
image-app,libblkid1,2.37.2-4ubuntu3.6,CVE-2026-76642,Medium,not_reported_after_runtime_update,https://ubuntu.com/security/CVE-2026-76642
image-app,libmount1,2.37.2-4ubuntu3.6,CVE-2026-76642,Medium,not_reported_after_runtime_update,https://ubuntu.com/security/CVE-2026-76642
image-app,libsmartcols1,2.37.2-4ubuntu3.6,CVE-2026-76642,Medium,not_reported_after_runtime_update,https://ubuntu.com/security/CVE-2026-76642
image-app,libuuid1,2.37.2-4ubuntu3.6,CVE-2026-76642,Medium,not_reported_after_runtime_update,https://ubuntu.com/security/CVE-2026-76642
image-app,mount,2.37.2-4ubuntu3.6,CVE-2026-76642,Medium,not_reported_after_runtime_update,https://ubuntu.com/security/CVE-2026-76642
image-app,util-linux,2.37.2-4ubuntu3.6,CVE-2026-76642,Medium,not_reported_after_runtime_update,https://ubuntu.com/security/CVE-2026-76642
image-app,dirmngr,2.2.27-3ubuntu2.5,CVE-2022-3219,Low,not_reported_after_runtime_update,https://ubuntu.com/security/CVE-2022-3219
image-app,gnupg,2.2.27-3ubuntu2.5,CVE-2022-3219,Low,not_reported_after_runtime_update,https://ubuntu.com/security/CVE-2022-3219
image-app,gnupg-l10n,2.2.27-3ubuntu2.5,CVE-2022-3219,Low,not_reported_after_runtime_update,https://ubuntu.com/security/CVE-2022-3219
image-app,gnupg-utils,2.2.27-3ubuntu2.5,CVE-2022-3219,Low,not_reported_after_runtime_update,https://ubuntu.com/security/CVE-2022-3219
image-app,gpg,2.2.27-3ubuntu2.5,CVE-2022-3219,Low,not_reported_after_runtime_update,https://ubuntu.com/security/CVE-2022-3219
image-app,gpg-agent,2.2.27-3ubuntu2.5,CVE-2022-3219,Low,not_reported_after_runtime_update,https://ubuntu.com/security/CVE-2022-3219
image-app,gpg-wks-client,2.2.27-3ubuntu2.5,CVE-2022-3219,Low,not_reported_after_runtime_update,https://ubuntu.com/security/CVE-2022-3219
image-app,gpg-wks-server,2.2.27-3ubuntu2.5,CVE-2022-3219,Low,not_reported_after_runtime_update,https://ubuntu.com/security/CVE-2022-3219
image-app,gpgconf,2.2.27-3ubuntu2.5,CVE-2022-3219,Low,not_reported_after_runtime_update,https://ubuntu.com/security/CVE-2022-3219
image-app,gpgsm,2.2.27-3ubuntu2.5,CVE-2022-3219,Low,not_reported_after_runtime_update,https://ubuntu.com/security/CVE-2022-3219
image-app,gpgv,2.2.27-3ubuntu2.5,CVE-2022-3219,Low,not_reported_after_runtime_update,https://ubuntu.com/security/CVE-2022-3219
image-app,libexpat1,2.4.7-1ubuntu0.7,CVE-2026-56131,Medium,not_reported_after_runtime_update,https://ubuntu.com/security/CVE-2026-56131
image-app,binutils,2.38-4ubuntu2.12,CVE-2025-69652,Medium,not_reported_after_runtime_update,https://ubuntu.com/security/CVE-2025-69652
image-app,binutils-common,2.38-4ubuntu2.12,CVE-2025-69652,Medium,not_reported_after_runtime_update,https://ubuntu.com/security/CVE-2025-69652
image-app,binutils-x86-64-linux-gnu,2.38-4ubuntu2.12,CVE-2025-69652,Medium,not_reported_after_runtime_update,https://ubuntu.com/security/CVE-2025-69652
image-app,libbinutils,2.38-4ubuntu2.12,CVE-2025-69652,Medium,not_reported_after_runtime_update,https://ubuntu.com/security/CVE-2025-69652
image-app,libctf-nobfd0,2.38-4ubuntu2.12,CVE-2025-69652,Medium,not_reported_after_runtime_update,https://ubuntu.com/security/CVE-2025-69652
image-app,libctf0,2.38-4ubuntu2.12,CVE-2025-69652,Medium,not_reported_after_runtime_update,https://ubuntu.com/security/CVE-2025-69652
image-app,binutils,2.38-4ubuntu2.12,CVE-2026-6846,Medium,not_reported_after_runtime_update,https://ubuntu.com/security/CVE-2026-6846
image-app,binutils-common,2.38-4ubuntu2.12,CVE-2026-6846,Medium,not_reported_after_runtime_update,https://ubuntu.com/security/CVE-2026-6846
image-app,binutils-x86-64-linux-gnu,2.38-4ubuntu2.12,CVE-2026-6846,Medium,not_reported_after_runtime_update,https://ubuntu.com/security/CVE-2026-6846
image-app,libbinutils,2.38-4ubuntu2.12,CVE-2026-6846,Medium,not_reported_after_runtime_update,https://ubuntu.com/security/CVE-2026-6846
image-app,libctf-nobfd0,2.38-4ubuntu2.12,CVE-2026-6846,Medium,not_reported_after_runtime_update,https://ubuntu.com/security/CVE-2026-6846
image-app,libctf0,2.38-4ubuntu2.12,CVE-2026-6846,Medium,not_reported_after_runtime_update,https://ubuntu.com/security/CVE-2026-6846
image-app,libexpat1,2.4.7-1ubuntu0.7,CVE-2026-32778,Medium,not_reported_after_runtime_update,https://ubuntu.com/security/CVE-2026-32778
image-app,binutils,2.38-4ubuntu2.12,CVE-2026-4647,Medium,not_reported_after_runtime_update,https://ubuntu.com/security/CVE-2026-4647
image-app,binutils-common,2.38-4ubuntu2.12,CVE-2026-4647,Medium,not_reported_after_runtime_update,https://ubuntu.com/security/CVE-2026-4647
image-app,binutils-x86-64-linux-gnu,2.38-4ubuntu2.12,CVE-2026-4647,Medium,not_reported_after_runtime_update,https://ubuntu.com/security/CVE-2026-4647
image-app,libbinutils,2.38-4ubuntu2.12,CVE-2026-4647,Medium,not_reported_after_runtime_update,https://ubuntu.com/security/CVE-2026-4647
image-app,libctf-nobfd0,2.38-4ubuntu2.12,CVE-2026-4647,Medium,not_reported_after_runtime_update,https://ubuntu.com/security/CVE-2026-4647
image-app,libctf0,2.38-4ubuntu2.12,CVE-2026-4647,Medium,not_reported_after_runtime_update,https://ubuntu.com/security/CVE-2026-4647
image-app,perl-base,5.34.0-3ubuntu1.8,CVE-2026-15534,Medium,not_reported_after_runtime_update,https://ubuntu.com/security/CVE-2026-15534
image-app,binutils,2.38-4ubuntu2.12,CVE-2025-69645,Medium,not_reported_after_runtime_update,https://ubuntu.com/security/CVE-2025-69645
image-app,binutils-common,2.38-4ubuntu2.12,CVE-2025-69645,Medium,not_reported_after_runtime_update,https://ubuntu.com/security/CVE-2025-69645
image-app,binutils-x86-64-linux-gnu,2.38-4ubuntu2.12,CVE-2025-69645,Medium,not_reported_after_runtime_update,https://ubuntu.com/security/CVE-2025-69645
image-app,libbinutils,2.38-4ubuntu2.12,CVE-2025-69645,Medium,not_reported_after_runtime_update,https://ubuntu.com/security/CVE-2025-69645
image-app,libctf-nobfd0,2.38-4ubuntu2.12,CVE-2025-69645,Medium,not_reported_after_runtime_update,https://ubuntu.com/security/CVE-2025-69645
image-app,libctf0,2.38-4ubuntu2.12,CVE-2025-69645,Medium,not_reported_after_runtime_update,https://ubuntu.com/security/CVE-2025-69645
image-app,binutils,2.38-4ubuntu2.12,CVE-2026-90829,Medium,not_reported_after_runtime_update,https://ubuntu.com/security/CVE-2026-90829
image-app,binutils-common,2.38-4ubuntu2.12,CVE-2026-90829,Medium,not_reported_after_runtime_update,https://ubuntu.com/security/CVE-2026-90829
image-app,binutils-x86-64-linux-gnu,2.38-4ubuntu2.12,CVE-2026-90829,Medium,not_reported_after_runtime_update,https://ubuntu.com/security/CVE-2026-90829
image-app,libbinutils,2.38-4ubuntu2.12,CVE-2026-90829,Medium,not_reported_after_runtime_update,https://ubuntu.com/security/CVE-2026-90829
image-app,libctf-nobfd0,2.38-4ubuntu2.12,CVE-2026-90829,Medium,not_reported_after_runtime_update,https://ubuntu.com/security/CVE-2026-90829
image-app,libctf0,2.38-4ubuntu2.12,CVE-2026-90829,Medium,not_reported_after_runtime_update,https://ubuntu.com/security/CVE-2026-90829
image-app,libexpat1,2.4.7-1ubuntu0.7,CVE-2026-32776,Medium,not_reported_after_runtime_update,https://ubuntu.com/security/CVE-2026-32776
image-app,binutils,2.38-4ubuntu2.12,CVE-2026-90831,Medium,not_reported_after_runtime_update,https://ubuntu.com/security/CVE-2026-90831
image-app,binutils-common,2.38-4ubuntu2.12,CVE-2026-90831,Medium,not_reported_after_runtime_update,https://ubuntu.com/security/CVE-2026-90831
image-app,binutils-x86-64-linux-gnu,2.38-4ubuntu2.12,CVE-2026-90831,Medium,not_reported_after_runtime_update,https://ubuntu.com/security/CVE-2026-90831
image-app,libbinutils,2.38-4ubuntu2.12,CVE-2026-90831,Medium,not_reported_after_runtime_update,https://ubuntu.com/security/CVE-2026-90831
image-app,libctf-nobfd0,2.38-4ubuntu2.12,CVE-2026-90831,Medium,not_reported_after_runtime_update,https://ubuntu.com/security/CVE-2026-90831
image-app,libctf0,2.38-4ubuntu2.12,CVE-2026-90831,Medium,not_reported_after_runtime_update,https://ubuntu.com/security/CVE-2026-90831
image-app,binutils,2.38-4ubuntu2.12,CVE-2026-90830,Medium,not_reported_after_runtime_update,https://ubuntu.com/security/CVE-2026-90830
image-app,binutils-common,2.38-4ubuntu2.12,CVE-2026-90830,Medium,not_reported_after_runtime_update,https://ubuntu.com/security/CVE-2026-90830
image-app,binutils-x86-64-linux-gnu,2.38-4ubuntu2.12,CVE-2026-90830,Medium,not_reported_after_runtime_update,https://ubuntu.com/security/CVE-2026-90830
image-app,libbinutils,2.38-4ubuntu2.12,CVE-2026-90830,Medium,not_reported_after_runtime_update,https://ubuntu.com/security/CVE-2026-90830
image-app,libctf-nobfd0,2.38-4ubuntu2.12,CVE-2026-90830,Medium,not_reported_after_runtime_update,https://ubuntu.com/security/CVE-2026-90830
image-app,libctf0,2.38-4ubuntu2.12,CVE-2026-90830,Medium,not_reported_after_runtime_update,https://ubuntu.com/security/CVE-2026-90830
image-app,binutils,2.38-4ubuntu2.12,CVE-2026-90801,Medium,not_reported_after_runtime_update,https://ubuntu.com/security/CVE-2026-90801
image-app,binutils-common,2.38-4ubuntu2.12,CVE-2026-90801,Medium,not_reported_after_runtime_update,https://ubuntu.com/security/CVE-2026-90801
image-app,binutils-x86-64-linux-gnu,2.38-4ubuntu2.12,CVE-2026-90801,Medium,not_reported_after_runtime_update,https://ubuntu.com/security/CVE-2026-90801
image-app,libbinutils,2.38-4ubuntu2.12,CVE-2026-90801,Medium,not_reported_after_runtime_update,https://ubuntu.com/security/CVE-2026-90801
image-app,libctf-nobfd0,2.38-4ubuntu2.12,CVE-2026-90801,Medium,not_reported_after_runtime_update,https://ubuntu.com/security/CVE-2026-90801
image-app,libctf0,2.38-4ubuntu2.12,CVE-2026-90801,Medium,not_reported_after_runtime_update,https://ubuntu.com/security/CVE-2026-90801
image-app,libacl1,2.3.1-1,CVE-2026-54369,Medium,not_reported_after_runtime_update,https://ubuntu.com/security/CVE-2026-54369
image-app,binutils,2.38-4ubuntu2.12,CVE-2026-90828,Medium,not_reported_after_runtime_update,https://ubuntu.com/security/CVE-2026-90828
image-app,binutils-common,2.38-4ubuntu2.12,CVE-2026-90828,Medium,not_reported_after_runtime_update,https://ubuntu.com/security/CVE-2026-90828
image-app,binutils-x86-64-linux-gnu,2.38-4ubuntu2.12,CVE-2026-90828,Medium,not_reported_after_runtime_update,https://ubuntu.com/security/CVE-2026-90828
image-app,libbinutils,2.38-4ubuntu2.12,CVE-2026-90828,Medium,not_reported_after_runtime_update,https://ubuntu.com/security/CVE-2026-90828
image-app,libctf-nobfd0,2.38-4ubuntu2.12,CVE-2026-90828,Medium,not_reported_after_runtime_update,https://ubuntu.com/security/CVE-2026-90828
image-app,libctf0,2.38-4ubuntu2.12,CVE-2026-90828,Medium,not_reported_after_runtime_update,https://ubuntu.com/security/CVE-2026-90828
image-app,libc-bin,2.35-0ubuntu3.14,CVE-2026-18374,Medium,not_reported_after_runtime_update,https://ubuntu.com/security/CVE-2026-18374
image-app,libc6,2.35-0ubuntu3.14,CVE-2026-18374,Medium,not_reported_after_runtime_update,https://ubuntu.com/security/CVE-2026-18374
image-app,locales,2.35-0ubuntu3.15,CVE-2026-18374,Medium,not_reported_after_runtime_update,https://ubuntu.com/security/CVE-2026-18374
image-app,binutils,2.38-4ubuntu2.12,CVE-2026-6845,Medium,not_reported_after_runtime_update,https://ubuntu.com/security/CVE-2026-6845
image-app,binutils-common,2.38-4ubuntu2.12,CVE-2026-6845,Medium,not_reported_after_runtime_update,https://ubuntu.com/security/CVE-2026-6845
image-app,binutils-x86-64-linux-gnu,2.38-4ubuntu2.12,CVE-2026-6845,Medium,not_reported_after_runtime_update,https://ubuntu.com/security/CVE-2026-6845
image-app,libbinutils,2.38-4ubuntu2.12,CVE-2026-6845,Medium,not_reported_after_runtime_update,https://ubuntu.com/security/CVE-2026-6845
image-app,libctf-nobfd0,2.38-4ubuntu2.12,CVE-2026-6845,Medium,not_reported_after_runtime_update,https://ubuntu.com/security/CVE-2026-6845
image-app,libctf0,2.38-4ubuntu2.12,CVE-2026-6845,Medium,not_reported_after_runtime_update,https://ubuntu.com/security/CVE-2026-6845
image-app,binutils,2.38-4ubuntu2.12,CVE-2025-66864,Low,not_reported_after_runtime_update,https://ubuntu.com/security/CVE-2025-66864
image-app,binutils-common,2.38-4ubuntu2.12,CVE-2025-66864,Low,not_reported_after_runtime_update,https://ubuntu.com/security/CVE-2025-66864
image-app,binutils-x86-64-linux-gnu,2.38-4ubuntu2.12,CVE-2025-66864,Low,not_reported_after_runtime_update,https://ubuntu.com/security/CVE-2025-66864
image-app,libbinutils,2.38-4ubuntu2.12,CVE-2025-66864,Low,not_reported_after_runtime_update,https://ubuntu.com/security/CVE-2025-66864
image-app,libctf-nobfd0,2.38-4ubuntu2.12,CVE-2025-66864,Low,not_reported_after_runtime_update,https://ubuntu.com/security/CVE-2025-66864
image-app,libctf0,2.38-4ubuntu2.12,CVE-2025-66864,Low,not_reported_after_runtime_update,https://ubuntu.com/security/CVE-2025-66864
image-app,tar,1.34+dfsg-1ubuntu0.1.22.04.6,CVE-2026-18508,Medium,not_reported_after_runtime_update,https://ubuntu.com/security/CVE-2026-18508
image-app,binutils,2.38-4ubuntu2.12,CVE-2026-90803,Medium,not_reported_after_runtime_update,https://ubuntu.com/security/CVE-2026-90803
image-app,binutils-common,2.38-4ubuntu2.12,CVE-2026-90803,Medium,not_reported_after_runtime_update,https://ubuntu.com/security/CVE-2026-90803
image-app,binutils-x86-64-linux-gnu,2.38-4ubuntu2.12,CVE-2026-90803,Medium,not_reported_after_runtime_update,https://ubuntu.com/security/CVE-2026-90803
image-app,libbinutils,2.38-4ubuntu2.12,CVE-2026-90803,Medium,not_reported_after_runtime_update,https://ubuntu.com/security/CVE-2026-90803
image-app,libctf-nobfd0,2.38-4ubuntu2.12,CVE-2026-90803,Medium,not_reported_after_runtime_update,https://ubuntu.com/security/CVE-2026-90803
image-app,libctf0,2.38-4ubuntu2.12,CVE-2026-90803,Medium,not_reported_after_runtime_update,https://ubuntu.com/security/CVE-2026-90803
image-app,libexpat1,2.4.7-1ubuntu0.7,CVE-2026-56403,Medium,not_reported_after_runtime_update,https://ubuntu.com/security/CVE-2026-56403
image-app,libexpat1,2.4.7-1ubuntu0.7,CVE-2026-56407,Medium,not_reported_after_runtime_update,https://ubuntu.com/security/CVE-2026-56407
image-app,libexpat1,2.4.7-1ubuntu0.7,CVE-2026-56406,Medium,not_reported_after_runtime_update,https://ubuntu.com/security/CVE-2026-56406
image-app,binutils,2.38-4ubuntu2.12,CVE-2026-90804,Medium,not_reported_after_runtime_update,https://ubuntu.com/security/CVE-2026-90804
image-app,binutils-common,2.38-4ubuntu2.12,CVE-2026-90804,Medium,not_reported_after_runtime_update,https://ubuntu.com/security/CVE-2026-90804
image-app,binutils-x86-64-linux-gnu,2.38-4ubuntu2.12,CVE-2026-90804,Medium,not_reported_after_runtime_update,https://ubuntu.com/security/CVE-2026-90804
image-app,libbinutils,2.38-4ubuntu2.12,CVE-2026-90804,Medium,not_reported_after_runtime_update,https://ubuntu.com/security/CVE-2026-90804
image-app,libctf-nobfd0,2.38-4ubuntu2.12,CVE-2026-90804,Medium,not_reported_after_runtime_update,https://ubuntu.com/security/CVE-2026-90804
image-app,libctf0,2.38-4ubuntu2.12,CVE-2026-90804,Medium,not_reported_after_runtime_update,https://ubuntu.com/security/CVE-2026-90804
image-app,binutils,2.38-4ubuntu2.12,CVE-2026-91782,Medium,not_reported_after_runtime_update,https://ubuntu.com/security/CVE-2026-91782
image-app,binutils-common,2.38-4ubuntu2.12,CVE-2026-91782,Medium,not_reported_after_runtime_update,https://ubuntu.com/security/CVE-2026-91782
image-app,binutils-x86-64-linux-gnu,2.38-4ubuntu2.12,CVE-2026-91782,Medium,not_reported_after_runtime_update,https://ubuntu.com/security/CVE-2026-91782
image-app,libbinutils,2.38-4ubuntu2.12,CVE-2026-91782,Medium,not_reported_after_runtime_update,https://ubuntu.com/security/CVE-2026-91782
image-app,libctf-nobfd0,2.38-4ubuntu2.12,CVE-2026-91782,Medium,not_reported_after_runtime_update,https://ubuntu.com/security/CVE-2026-91782
image-app,libctf0,2.38-4ubuntu2.12,CVE-2026-91782,Medium,not_reported_after_runtime_update,https://ubuntu.com/security/CVE-2026-91782
image-app,binutils,2.38-4ubuntu2.12,CVE-2026-91781,Medium,not_reported_after_runtime_update,https://ubuntu.com/security/CVE-2026-91781
image-app,binutils-common,2.38-4ubuntu2.12,CVE-2026-91781,Medium,not_reported_after_runtime_update,https://ubuntu.com/security/CVE-2026-91781
image-app,binutils-x86-64-linux-gnu,2.38-4ubuntu2.12,CVE-2026-91781,Medium,not_reported_after_runtime_update,https://ubuntu.com/security/CVE-2026-91781
image-app,libbinutils,2.38-4ubuntu2.12,CVE-2026-91781,Medium,not_reported_after_runtime_update,https://ubuntu.com/security/CVE-2026-91781
image-app,libctf-nobfd0,2.38-4ubuntu2.12,CVE-2026-91781,Medium,not_reported_after_runtime_update,https://ubuntu.com/security/CVE-2026-91781
image-app,libctf0,2.38-4ubuntu2.12,CVE-2026-91781,Medium,not_reported_after_runtime_update,https://ubuntu.com/security/CVE-2026-91781
image-app,perl-base,5.34.0-3ubuntu1.8,CVE-2025-15649,Medium,not_reported_after_runtime_update,https://ubuntu.com/security/CVE-2025-15649
image-app,binutils,2.38-4ubuntu2.12,CVE-2026-90802,Medium,not_reported_after_runtime_update,https://ubuntu.com/security/CVE-2026-90802
image-app,binutils-common,2.38-4ubuntu2.12,CVE-2026-90802,Medium,not_reported_after_runtime_update,https://ubuntu.com/security/CVE-2026-90802
image-app,binutils-x86-64-linux-gnu,2.38-4ubuntu2.12,CVE-2026-90802,Medium,not_reported_after_runtime_update,https://ubuntu.com/security/CVE-2026-90802
image-app,libbinutils,2.38-4ubuntu2.12,CVE-2026-90802,Medium,not_reported_after_runtime_update,https://ubuntu.com/security/CVE-2026-90802
image-app,libctf-nobfd0,2.38-4ubuntu2.12,CVE-2026-90802,Medium,not_reported_after_runtime_update,https://ubuntu.com/security/CVE-2026-90802
image-app,libctf0,2.38-4ubuntu2.12,CVE-2026-90802,Medium,not_reported_after_runtime_update,https://ubuntu.com/security/CVE-2026-90802
image-app,libexpat1,2.4.7-1ubuntu0.7,CVE-2026-56405,Medium,not_reported_after_runtime_update,https://ubuntu.com/security/CVE-2026-56405
image-app,libexpat1,2.4.7-1ubuntu0.7,CVE-2026-56408,Medium,not_reported_after_runtime_update,https://ubuntu.com/security/CVE-2026-56408
image-app,bsdutils,1:2.37.2-4ubuntu3.6,CVE-2026-78409,Medium,not_reported_after_runtime_update,https://ubuntu.com/security/CVE-2026-78409
image-app,libblkid1,2.37.2-4ubuntu3.6,CVE-2026-78409,Medium,not_reported_after_runtime_update,https://ubuntu.com/security/CVE-2026-78409
image-app,libmount1,2.37.2-4ubuntu3.6,CVE-2026-78409,Medium,not_reported_after_runtime_update,https://ubuntu.com/security/CVE-2026-78409
image-app,libsmartcols1,2.37.2-4ubuntu3.6,CVE-2026-78409,Medium,not_reported_after_runtime_update,https://ubuntu.com/security/CVE-2026-78409
image-app,libuuid1,2.37.2-4ubuntu3.6,CVE-2026-78409,Medium,not_reported_after_runtime_update,https://ubuntu.com/security/CVE-2026-78409
image-app,mount,2.37.2-4ubuntu3.6,CVE-2026-78409,Medium,not_reported_after_runtime_update,https://ubuntu.com/security/CVE-2026-78409
image-app,util-linux,2.37.2-4ubuntu3.6,CVE-2026-78409,Medium,not_reported_after_runtime_update,https://ubuntu.com/security/CVE-2026-78409
image-app,libexpat1,2.4.7-1ubuntu0.7,CVE-2026-56409,Medium,not_reported_after_runtime_update,https://ubuntu.com/security/CVE-2026-56409
image-app,libpcre2-8-0,10.39-3ubuntu0.1,CVE-2026-89161,Medium,not_reported_after_runtime_update,https://ubuntu.com/security/CVE-2026-89161
image-app,binutils,2.38-4ubuntu2.12,CVE-2026-91779,Medium,not_reported_after_runtime_update,https://ubuntu.com/security/CVE-2026-91779
image-app,binutils,2.38-4ubuntu2.12,CVE-2026-91780,Medium,not_reported_after_runtime_update,https://ubuntu.com/security/CVE-2026-91780
image-app,binutils-common,2.38-4ubuntu2.12,CVE-2026-91779,Medium,not_reported_after_runtime_update,https://ubuntu.com/security/CVE-2026-91779
image-app,binutils-common,2.38-4ubuntu2.12,CVE-2026-91780,Medium,not_reported_after_runtime_update,https://ubuntu.com/security/CVE-2026-91780
image-app,binutils-x86-64-linux-gnu,2.38-4ubuntu2.12,CVE-2026-91779,Medium,not_reported_after_runtime_update,https://ubuntu.com/security/CVE-2026-91779
image-app,binutils-x86-64-linux-gnu,2.38-4ubuntu2.12,CVE-2026-91780,Medium,not_reported_after_runtime_update,https://ubuntu.com/security/CVE-2026-91780
image-app,libbinutils,2.38-4ubuntu2.12,CVE-2026-91779,Medium,not_reported_after_runtime_update,https://ubuntu.com/security/CVE-2026-91779
image-app,libbinutils,2.38-4ubuntu2.12,CVE-2026-91780,Medium,not_reported_after_runtime_update,https://ubuntu.com/security/CVE-2026-91780
image-app,libctf-nobfd0,2.38-4ubuntu2.12,CVE-2026-91779,Medium,not_reported_after_runtime_update,https://ubuntu.com/security/CVE-2026-91779
image-app,libctf-nobfd0,2.38-4ubuntu2.12,CVE-2026-91780,Medium,not_reported_after_runtime_update,https://ubuntu.com/security/CVE-2026-91780
image-app,libctf0,2.38-4ubuntu2.12,CVE-2026-91779,Medium,not_reported_after_runtime_update,https://ubuntu.com/security/CVE-2026-91779
image-app,libctf0,2.38-4ubuntu2.12,CVE-2026-91780,Medium,not_reported_after_runtime_update,https://ubuntu.com/security/CVE-2026-91780
image-app,binutils,2.38-4ubuntu2.12,CVE-2026-19548,Medium,not_reported_after_runtime_update,https://ubuntu.com/security/CVE-2026-19548
image-app,binutils-common,2.38-4ubuntu2.12,CVE-2026-19548,Medium,not_reported_after_runtime_update,https://ubuntu.com/security/CVE-2026-19548
image-app,binutils-x86-64-linux-gnu,2.38-4ubuntu2.12,CVE-2026-19548,Medium,not_reported_after_runtime_update,https://ubuntu.com/security/CVE-2026-19548
image-app,libbinutils,2.38-4ubuntu2.12,CVE-2026-19548,Medium,not_reported_after_runtime_update,https://ubuntu.com/security/CVE-2026-19548
image-app,libctf-nobfd0,2.38-4ubuntu2.12,CVE-2026-19548,Medium,not_reported_after_runtime_update,https://ubuntu.com/security/CVE-2026-19548
image-app,libctf0,2.38-4ubuntu2.12,CVE-2026-19548,Medium,not_reported_after_runtime_update,https://ubuntu.com/security/CVE-2026-19548
image-app,bsdutils,1:2.37.2-4ubuntu3.6,CVE-2026-78408,Medium,not_reported_after_runtime_update,https://ubuntu.com/security/CVE-2026-78408
image-app,libblkid1,2.37.2-4ubuntu3.6,CVE-2026-78408,Medium,not_reported_after_runtime_update,https://ubuntu.com/security/CVE-2026-78408
image-app,libmount1,2.37.2-4ubuntu3.6,CVE-2026-78408,Medium,not_reported_after_runtime_update,https://ubuntu.com/security/CVE-2026-78408
image-app,libsmartcols1,2.37.2-4ubuntu3.6,CVE-2026-78408,Medium,not_reported_after_runtime_update,https://ubuntu.com/security/CVE-2026-78408
image-app,libuuid1,2.37.2-4ubuntu3.6,CVE-2026-78408,Medium,not_reported_after_runtime_update,https://ubuntu.com/security/CVE-2026-78408
image-app,mount,2.37.2-4ubuntu3.6,CVE-2026-78408,Medium,not_reported_after_runtime_update,https://ubuntu.com/security/CVE-2026-78408
image-app,util-linux,2.37.2-4ubuntu3.6,CVE-2026-78408,Medium,not_reported_after_runtime_update,https://ubuntu.com/security/CVE-2026-78408
image-app,libpcre2-8-0,10.39-3ubuntu0.1,CVE-2026-89162,Medium,not_reported_after_runtime_update,https://ubuntu.com/security/CVE-2026-89162
image-app,libc-bin,2.35-0ubuntu3.14,CVE-2026-6368,Medium,not_reported_after_runtime_update,https://ubuntu.com/security/CVE-2026-6368
image-app,libc6,2.35-0ubuntu3.14,CVE-2026-6368,Medium,not_reported_after_runtime_update,https://ubuntu.com/security/CVE-2026-6368
image-app,libexpat1,2.4.7-1ubuntu0.7,CVE-2026-76957,Medium,not_reported_after_runtime_update,https://ubuntu.com/security/CVE-2026-76957
image-app,binutils,2.38-4ubuntu2.12,CVE-2026-15003,Medium,not_reported_after_runtime_update,https://ubuntu.com/security/CVE-2026-15003
image-app,binutils-common,2.38-4ubuntu2.12,CVE-2026-15003,Medium,not_reported_after_runtime_update,https://ubuntu.com/security/CVE-2026-15003
image-app,binutils-x86-64-linux-gnu,2.38-4ubuntu2.12,CVE-2026-15003,Medium,not_reported_after_runtime_update,https://ubuntu.com/security/CVE-2026-15003
image-app,libbinutils,2.38-4ubuntu2.12,CVE-2026-15003,Medium,not_reported_after_runtime_update,https://ubuntu.com/security/CVE-2026-15003
image-app,libctf-nobfd0,2.38-4ubuntu2.12,CVE-2026-15003,Medium,not_reported_after_runtime_update,https://ubuntu.com/security/CVE-2026-15003
image-app,libctf0,2.38-4ubuntu2.12,CVE-2026-15003,Medium,not_reported_after_runtime_update,https://ubuntu.com/security/CVE-2026-15003
image-app,binutils,2.38-4ubuntu2.12,CVE-2026-6844,Medium,not_reported_after_runtime_update,https://ubuntu.com/security/CVE-2026-6844
image-app,binutils-common,2.38-4ubuntu2.12,CVE-2026-6844,Medium,not_reported_after_runtime_update,https://ubuntu.com/security/CVE-2026-6844
image-app,binutils-x86-64-linux-gnu,2.38-4ubuntu2.12,CVE-2026-6844,Medium,not_reported_after_runtime_update,https://ubuntu.com/security/CVE-2026-6844
image-app,libbinutils,2.38-4ubuntu2.12,CVE-2026-6844,Medium,not_reported_after_runtime_update,https://ubuntu.com/security/CVE-2026-6844
image-app,libctf-nobfd0,2.38-4ubuntu2.12,CVE-2026-6844,Medium,not_reported_after_runtime_update,https://ubuntu.com/security/CVE-2026-6844
image-app,libctf0,2.38-4ubuntu2.12,CVE-2026-6844,Medium,not_reported_after_runtime_update,https://ubuntu.com/security/CVE-2026-6844
image-app,libsystemd0,249.11-0ubuntu3.22,CVE-2026-40228,Low,not_reported_after_runtime_update,https://ubuntu.com/security/CVE-2026-40228
image-app,libudev1,249.11-0ubuntu3.22,CVE-2026-40228,Low,not_reported_after_runtime_update,https://ubuntu.com/security/CVE-2026-40228
image-app,libexpat1,2.4.7-1ubuntu0.7,CVE-2026-56132,Medium,not_reported_after_runtime_update,https://ubuntu.com/security/CVE-2026-56132
image-app,bsdutils,1:2.37.2-4ubuntu3.6,CVE-2026-78410,Medium,not_reported_after_runtime_update,https://ubuntu.com/security/CVE-2026-78410
image-app,libblkid1,2.37.2-4ubuntu3.6,CVE-2026-78410,Medium,not_reported_after_runtime_update,https://ubuntu.com/security/CVE-2026-78410
image-app,libmount1,2.37.2-4ubuntu3.6,CVE-2026-78410,Medium,not_reported_after_runtime_update,https://ubuntu.com/security/CVE-2026-78410
image-app,libsmartcols1,2.37.2-4ubuntu3.6,CVE-2026-78410,Medium,not_reported_after_runtime_update,https://ubuntu.com/security/CVE-2026-78410
image-app,libuuid1,2.37.2-4ubuntu3.6,CVE-2026-78410,Medium,not_reported_after_runtime_update,https://ubuntu.com/security/CVE-2026-78410
image-app,mount,2.37.2-4ubuntu3.6,CVE-2026-78410,Medium,not_reported_after_runtime_update,https://ubuntu.com/security/CVE-2026-78410
image-app,util-linux,2.37.2-4ubuntu3.6,CVE-2026-78410,Medium,not_reported_after_runtime_update,https://ubuntu.com/security/CVE-2026-78410
image-app,libacl1,2.3.1-1,CVE-2026-54370,Medium,not_reported_after_runtime_update,https://ubuntu.com/security/CVE-2026-54370
image-app,binutils,2.38-4ubuntu2.12,CVE-2025-66861,Low,not_reported_after_runtime_update,https://ubuntu.com/security/CVE-2025-66861
image-app,binutils-common,2.38-4ubuntu2.12,CVE-2025-66861,Low,not_reported_after_runtime_update,https://ubuntu.com/security/CVE-2025-66861
image-app,binutils-x86-64-linux-gnu,2.38-4ubuntu2.12,CVE-2025-66861,Low,not_reported_after_runtime_update,https://ubuntu.com/security/CVE-2025-66861
image-app,libbinutils,2.38-4ubuntu2.12,CVE-2025-66861,Low,not_reported_after_runtime_update,https://ubuntu.com/security/CVE-2025-66861
image-app,libctf-nobfd0,2.38-4ubuntu2.12,CVE-2025-66861,Low,not_reported_after_runtime_update,https://ubuntu.com/security/CVE-2025-66861
image-app,libctf0,2.38-4ubuntu2.12,CVE-2025-66861,Low,not_reported_after_runtime_update,https://ubuntu.com/security/CVE-2025-66861
image-app,tar,1.34+dfsg-1ubuntu0.1.22.04.6,CVE-2026-18477,Medium,not_reported_after_runtime_update,https://ubuntu.com/security/CVE-2026-18477
image-app,binutils,2.38-4ubuntu2.12,CVE-2022-48064,Negligible,not_reported_after_runtime_update,https://ubuntu.com/security/CVE-2022-48064
image-app,binutils-common,2.38-4ubuntu2.12,CVE-2022-48064,Negligible,not_reported_after_runtime_update,https://ubuntu.com/security/CVE-2022-48064
image-app,binutils-x86-64-linux-gnu,2.38-4ubuntu2.12,CVE-2022-48064,Negligible,not_reported_after_runtime_update,https://ubuntu.com/security/CVE-2022-48064
image-app,libbinutils,2.38-4ubuntu2.12,CVE-2022-48064,Negligible,not_reported_after_runtime_update,https://ubuntu.com/security/CVE-2022-48064
image-app,libctf-nobfd0,2.38-4ubuntu2.12,CVE-2022-48064,Negligible,not_reported_after_runtime_update,https://ubuntu.com/security/CVE-2022-48064
image-app,libctf0,2.38-4ubuntu2.12,CVE-2022-48064,Negligible,not_reported_after_runtime_update,https://ubuntu.com/security/CVE-2022-48064
image-app,perl-base,5.34.0-3ubuntu1.8,CVE-2023-47039,Negligible,not_reported_after_runtime_update,https://ubuntu.com/security/CVE-2023-47039
image-db,openssl,1:3.5.8-1.0.1.el9_8,ELSA-2024-12675,Medium,still_reported,https://linux.oracle.com/errata/ELSA-2024-12675.html
image-db,openssl-libs,1:3.5.8-1.0.1.el9_8,ELSA-2024-12675,Medium,still_reported,https://linux.oracle.com/errata/ELSA-2024-12675.html
image-db,openssl,1:3.5.8-1.0.1.el9_8,ELSA-2026-50075,High,still_reported,https://linux.oracle.com/errata/ELSA-2026-50075.html
image-db,openssl-libs,1:3.5.8-1.0.1.el9_8,ELSA-2026-50075,High,still_reported,https://linux.oracle.com/errata/ELSA-2026-50075.html
image-db,gnutls,3.8.10-8.el9_8,ELSA-2024-12336,Medium,still_reported,https://linux.oracle.com/errata/ELSA-2024-12336.html
image-db,openssl,1:3.5.8-1.0.1.el9_8,ELSA-2025-28011,Medium,still_reported,https://linux.oracle.com/errata/ELSA-2025-28011.html
image-db,openssl-libs,1:3.5.8-1.0.1.el9_8,ELSA-2025-28011,Medium,still_reported,https://linux.oracle.com/errata/ELSA-2025-28011.html
image-db,gnutls,3.8.10-8.el9_8,ELSA-2025-20606,Medium,still_reported,https://linux.oracle.com/errata/ELSA-2025-20606.html
image-db,gnutls,3.8.10-8.el9_8,ELSA-2026-50346,High,still_reported,https://linux.oracle.com/errata/ELSA-2026-50346.html
image-db,urllib3,2.6.3,GHSA-mf9v-mfxr-j63j,High,not_reported_after_runtime_update,https://github.com/advisories/GHSA-mf9v-mfxr-j63j
image-db,pyopenssl,25.3.0,GHSA-5pwr-322w-8jr4,High,not_reported_after_runtime_update,https://github.com/advisories/GHSA-5pwr-322w-8jr4
image-db,openssl,1:3.5.8-1.0.1.el9_8,ELSA-2026-50379,Medium,still_reported,https://linux.oracle.com/errata/ELSA-2026-50379.html
image-db,openssl-libs,1:3.5.8-1.0.1.el9_8,ELSA-2026-50379,Medium,still_reported,https://linux.oracle.com/errata/ELSA-2026-50379.html
image-db,openssl,1:3.5.8-1.0.1.el9_8,ELSA-2026-50345,Medium,still_reported,https://linux.oracle.com/errata/ELSA-2026-50345.html
image-db,openssl-libs,1:3.5.8-1.0.1.el9_8,ELSA-2026-50345,Medium,still_reported,https://linux.oracle.com/errata/ELSA-2026-50345.html
image-db,cryptography,46.0.5,GHSA-p423-j2cm-9vmq,Medium,not_reported_after_runtime_update,https://github.com/advisories/GHSA-p423-j2cm-9vmq
image-db,gnutls,3.8.10-8.el9_8,ELSA-2024-12364,Medium,still_reported,https://linux.oracle.com/errata/ELSA-2024-12364.html
image-db,gnutls,3.8.10-8.el9_8,ELSA-2026-50149,Medium,still_reported,https://linux.oracle.com/errata/ELSA-2026-50149.html
image-db,urllib3,2.6.3,GHSA-qccp-gfcp-xxvc,High,not_reported_after_runtime_update,https://github.com/advisories/GHSA-qccp-gfcp-xxvc
image-db,cryptography,46.0.5,GHSA-jwv3-5hgf-82ww,High,not_reported_after_runtime_update,https://github.com/advisories/GHSA-jwv3-5hgf-82ww
image-db,pip,25.3,GHSA-wf93-45jw-7689,Medium,not_reported_after_runtime_update,https://github.com/advisories/GHSA-wf93-45jw-7689
image-db,pip,25.3,GHSA-qwm4-qh6w-59xr,Medium,not_reported_after_runtime_update,https://github.com/advisories/GHSA-qwm4-qh6w-59xr
image-db,cryptography,46.0.5,GHSA-g6cj-pr64-35w5,High,not_reported_after_runtime_update,https://github.com/advisories/GHSA-g6cj-pr64-35w5
image-db,cryptography,46.0.5,GHSA-m2h6-j472-rp4c,Medium,not_reported_after_runtime_update,https://github.com/advisories/GHSA-m2h6-j472-rp4c
image-db,pip,25.3,GHSA-6vgw-5pg2-w6jp,Low,not_reported_after_runtime_update,https://github.com/advisories/GHSA-6vgw-5pg2-w6jp
image-db,libgcrypt,1.10.0-13.el9_8,ELSA-2026-500145,Medium,still_reported,https://linux.oracle.com/errata/ELSA-2026-500145.html
image-db,pip,25.3,GHSA-jp4c-xjxw-mgf9,Medium,not_reported_after_runtime_update,https://github.com/advisories/GHSA-jp4c-xjxw-mgf9
image-db,pip,25.3,GHSA-58qw-9mgm-455v,Medium,not_reported_after_runtime_update,https://github.com/advisories/GHSA-58qw-9mgm-455v
image-db,pyopenssl,25.3.0,GHSA-vp96-hxj8-p424,Low,not_reported_after_runtime_update,https://github.com/advisories/GHSA-vp96-hxj8-p424
image-db,cryptography,46.0.5,GHSA-m959-cc7f-wv43,Low,not_reported_after_runtime_update,https://github.com/advisories/GHSA-m959-cc7f-wv43
image-db,paramiko,4.0.0,GHSA-r374-rxx8-8654,Low,not_reported_after_runtime_update,https://github.com/advisories/GHSA-r374-rxx8-8654
image-db,golang.org/x/sys,v0.1.0,GO-2026-5024,Low,not_reported_after_runtime_update,https://go.dev/issue/78916
image-db,cryptography,46.0.5,GHSA-537c-gmf6-5ccf,High,not_reported_after_runtime_update,https://github.com/advisories/GHSA-537c-gmf6-5ccf
image-web,zlib,1.3.2-r0,CVE-2026-85091,High,still_reported,https://nvd.nist.gov/vuln/detail/CVE-2026-85091
image-web,busybox,1.37.0-r30,CVE-2025-60876,Medium,still_reported,https://nvd.nist.gov/vuln/detail/CVE-2025-60876
image-web,busybox-binsh,1.37.0-r30,CVE-2025-60876,Medium,still_reported,https://nvd.nist.gov/vuln/detail/CVE-2025-60876
image-web,ssl_client,1.37.0-r30,CVE-2025-60876,Medium,still_reported,https://nvd.nist.gov/vuln/detail/CVE-2025-60876
